ride_id,start_time,end_time,start_station,end_station,start_lat,start_lon,end_lat,end_lon,rider_type,bike_type
R00001,2025-06-09 02:15:00,2025-06-09 02:35:00,Old Mill,Harbor Point,42.348177,-71.074608,42.354587,-71.050078,member,classic
R00002,2025-06-18 15:12:00,2025-06-18 15:42:00,Library Square,Market Hall,42.360316,-71.058699,42.36042,-71.056051,member,classic
R00003,2025-06-09 11:09:00,2025-06-09 11:29:00,Library Square,Old Mill,42.359702,-71.05902,42.347859,-71.075156,member,classic
R00004,2025-06-30 14:24:00,2025-06-30 14:55:00,Old Mill,Tech Campus,42.347579,-71.075207,42.339929,-71.088815,member,classic
R00005,2025-06-08 04:49:00,2025-06-08 05:06:00,Old Mill,Harbor Point,42.347733,-71.075399,42.354778,-71.049864,member,electric
R00006,2025-06-23 16:59:00,2025-06-23 17:20:00,Riverside Park,Library Square,42.366384,-71.062529,42.360235,-71.058866,member,electric
R00007,2025-06-21 22:44:00,2025-06-21 22:50:00,Tech Campus,Riverside Park,42.340143,-71.088924,42.365929,-71.062568,member,electric
R00008,2025-06-19 19:56:00,2025-06-19 20:09:00,Harbor Point,Library Square,42.355218,-71.050287,42.360099,-71.058515,member,classic
R00009,2025-06-18 08:34:00,2025-06-18 08:51:00,Riverside Park,Library Square,42.366598,-71.062201,42.359819,-71.058402,member,classic
R00010,2025-06-06 07:50:00,2025-06-06 08:18:00,Harbor Point,Harbor Point,42.35518,-71.049904,42.354885,-71.049904,member,electric
R00011,2025-06-04 16:43:00,2025-06-04 17:10:00,Market Hall,Harbor Point,42.360769,-71.05616,42.354794,-71.050342,member,electric
R00012,2025-06-04 13:55:00,2025-06-04 14:04:00,Market Hall,Library Square,42.360625,-71.055658,42.360108,-71.059201,member,classic
R00013,2025-06-20 20:20:00,2025-06-20 20:34:00,Market Hall,Market Hall,42.360363,-71.055515,42.360807,-71.056261,member,classic
R00014,2025-06-03 13:48:00,2025-06-03 14:06:00,Harbor Point,Old Mill,42.355033,-71.050374,42.34816,-71.074553,member,electric
R00015,2025-06-23 17:12:00,2025-06-23 17:28:00,Library Square,Market Hall,42.360272,-71.059027,42.3609,-71.056049,member,classic
R00016,2025-06-08 15:37:00,2025-06-08 15:47:00,Riverside Park,Harbor Point,42.36592,-71.062529,42.355131,-71.050271,casual,electric
R00017,2025-06-22 08:31:00,2025-06-22 08:49:00,Harbor Point,Market Hall,42.355436,-71.049929,42.360473,-71.055715,casual,classic
R00018,2025-06-12 16:27:00,2025-06-12 16:49:00,Harbor Point,Harbor Point,42.354911,-71.049636,42.354554,-71.049847,member,classic
R00019,2025-06-28 09:06:00,2025-06-28 09:24:00,Tech Campus,Old Mill,42.339749,-71.089278,42.347779,-71.07525,casual,electric
R00020,2025-06-18 04:53:00,2025-06-18 05:16:00,Market Hall,Harbor Point,42.360015,-71.056407,42.355254,-71.050264,member,electric
R00021,2025-06-06 19:24:00,2025-06-06 19:49:00,Library Square,Tech Campus,42.360527,-71.058615,42.339585,-71.089003,casual,electric
R00022,2025-06-02 09:37:00,2025-06-02 09:55:00,Library Square,Library Square,42.360336,-71.059339,42.359914,-71.05935,member,classic
R00023,2025-06-06 06:04:00,2025-06-06 06:12:00,Harbor Point,Market Hall,42.354735,-71.05038,42.36089,-71.056254,member,classic
R00024,2025-06-17 15:20:00,2025-06-17 15:31:00,Tech Campus,Old Mill,42.340235,-71.089496,42.348216,-71.075261,member,electric
R00025,2025-06-30 20:04:00,2025-06-30 20:33:00,Tech Campus,Riverside Park,42.339863,-71.0896,42.366238,-71.062094,member,electric
R00026,2025-06-06 10:28:00,2025-06-06 10:46:00,Harbor Point,Library Square,42.355334,-71.049796,42.360212,-71.058413,member,classic
R00027,2025-06-22 09:06:00,2025-06-22 09:27:00,Old Mill,Market Hall,42.347615,-71.075393,42.360553,-71.056228,member,electric
R00028,2025-06-09 16:32:00,2025-06-09 16:48:00,Library Square,Old Mill,42.360089,-71.058495,42.348346,-71.075408,member,electric
R00029,2025-06-05 09:40:00,2025-06-05 10:02:00,Harbor Point,Harbor Point,42.354942,-71.049794,42.355061,-71.050388,casual,classic
R00030,2025-06-19 18:35:00,2025-06-19 18:52:00,Market Hall,Harbor Point,42.360148,-71.056373,42.354808,-71.049601,casual,classic
R00031,2025-06-22 16:06:00,2025-06-22 16:17:00,Riverside Park,Library Square,42.366575,-71.061626,42.360349,-71.058474,member,classic
R00032,2025-06-24 02:59:00,2025-06-24 03:25:00,Library Square,Tech Campus,42.359932,-71.058469,42.340102,-71.088836,casual,electric
R00033,2025-06-28 06:02:00,2025-06-28 06:23:00,Library Square,Old Mill,42.360417,-71.05894,42.347805,-71.074705,member,classic
R00034,2025-06-09 11:55:00,2025-06-09 12:08:00,Old Mill,Library Square,42.347569,-71.074727,42.359951,-71.058891,member,electric
R00035,2025-06-09 19:11:00,2025-06-09 19:13:00,Harbor Point,Harbor Point,42.354538,-71.049903,42.354846,-71.049714,member,classic
R00036,2025-06-02 07:45:00,2025-06-02 07:51:00,Tech Campus,Market Hall,42.339736,-71.08918,42.360807,-71.055813,casual,classic
R00037,2025-06-22 05:58:00,2025-06-22 06:12:00,Riverside Park,Tech Campus,42.366548,-71.06188,42.3396,-71.089391,member,electric
R00038,2025-06-07 14:26:00,2025-06-07 14:50:00,Old Mill,Riverside Park,42.348165,-71.075121,42.366448,-71.062426,member,electric
R00039,2025-06-07 09:27:00,2025-06-07 09:47:00,Market Hall,Harbor Point,42.360322,-71.056058,42.355176,-71.049989,casual,classic
R00040,2025-06-22 08:40:00,2025-06-22 08:47:00,Old Mill,Harbor Point,42.348119,-71.075407,42.355452,-71.050265,member,classic
R00041,2025-06-16 04:39:00,2025-06-16 04:58:00,Library Square,Harbor Point,42.360014,-71.05877,42.354694,-71.049804,member,classic
R00042,2025-06-29 17:48:00,2025-06-29 18:03:00,Library Square,Old Mill,42.36046,-71.058515,42.348278,-71.075281,casual,electric
R00043,2025-06-28 08:07:00,2025-06-28 08:11:00,Harbor Point,Market Hall,42.355168,-71.049512,42.360595,-71.05555,casual,electric
R00044,2025-06-24 19:55:00,2025-06-24 20:16:00,Market Hall,Tech Campus,42.360475,-71.056241,42.339547,-71.089062,casual,electric
R00045,2025-06-03 08:45:00,2025-06-03 09:01:00,Old Mill,Library Square,42.34782,-71.07496,42.359738,-71.059169,member,classic
R00046,2025-06-18 11:29:00,2025-06-18 11:53:00,Harbor Point,Tech Campus,42.354916,-71.050293,42.33972,-71.088795,member,classic
R00047,2025-06-12 12:19:00,2025-06-12 12:37:00,Market Hall,Tech Campus,42.360953,-71.056081,42.340048,-71.089154,member,classic
R00048,2025-06-16 08:01:00,2025-06-16 08:03:00,Tech Campus,Library Square,42.339689,-71.089031,42.360398,-71.058676,casual,classic
R00049,2025-06-13 02:37:00,2025-06-13 02:53:00,Market Hall,Market Hall,42.360643,-71.056364,42.360462,-71.05645,member,classic
R00050,2025-06-29 09:24:00,2025-06-29 09:41:00,Tech Campus,Riverside Park,42.339578,-71.088749,42.366122,-71.061765,member,classic
R00051,2025-06-25 16:41:00,2025-06-25 17:00:00,Riverside Park,Library Square,42.365947,-71.061761,42.360221,-71.059161,member,classic
R00052,2025-06-09 12:49:00,2025-06-09 13:07:00,Market Hall,Library Square,42.360369,-71.055894,42.360564,-71.058682,casual,classic
R00053,2025-06-30 15:19:00,2025-06-30 15:21:00,Riverside Park,Harbor Point,42.366075,-71.061659,42.354698,-71.049908,casual,classic
R00054,2025-06-28 17:43:00,2025-06-28 17:52:00,Harbor Point,Old Mill,42.3551,-71.050379,42.348484,-71.074717,member,electric
R00055,2025-06-21 05:21:00,2025-06-21 05:47:00,Old Mill,Riverside Park,42.34799,-71.075066,42.366062,-71.061708,member,classic
R00056,2025-06-21 17:17:00,2025-06-21 17:35:00,Tech Campus,Library Square,42.339916,-71.08878,42.360375,-71.058935,casual,electric
R00057,2025-06-03 18:17:00,2025-06-03 18:39:00,Riverside Park,Library Square,42.366165,-71.06199,42.359979,-71.059371,casual,classic
R00058,2025-06-09 10:21:00,2025-06-09 10:34:00,Tech Campus,Library Square,42.33958,-71.089104,42.36048,-71.058844,member,classic
R00059,2025-06-16 17:35:00,2025-06-16 17:53:00,Harbor Point,Library Square,42.355146,-71.050009,42.360393,-71.059307,member,classic
R00060,2025-06-16 15:35:00,2025-06-16 15:40:00,Riverside Park,Old Mill,42.366231,-71.062174,42.348246,-71.075169,casual,electric
R00061,2025-06-24 08:12:00,2025-06-24 08:24:00,Riverside Park,Riverside Park,42.366651,-71.06191,42.365892,-71.061861,member,electric
R00062,2025-06-12 09:11:00,2025-06-12 09:41:00,Harbor Point,Library Square,42.354802,-71.049792,42.359727,-71.059354,member,electric
R00063,2025-06-25 16:31:00,2025-06-25 16:50:00,Old Mill,Library Square,42.347784,-71.075021,42.359941,-71.058435,member,electric
R00064,2025-06-03 11:36:00,2025-06-03 11:54:00,Harbor Point,Harbor Point,42.355129,-71.050446,42.354649,-71.049937,member,classic
R00065,2025-06-20 17:38:00,2025-06-20 17:57:00,Harbor Point,Market Hall,42.355023,-71.050049,42.360443,-71.05564,casual,electric
R00066,2025-06-24 05:06:00,2025-06-24 05:18:00,Market Hall,Market Hall,42.360948,-71.056292,42.360211,-71.05584,member,classic
R00067,2025-06-14 07:28:00,2025-06-14 07:42:00,Market Hall,Harbor Point,42.360033,-71.056212,42.354783,-71.04964,member,classic
R00068,2025-06-26 15:59:00,2025-06-26 16:08:00,Riverside Park,Old Mill,42.365898,-71.062485,42.347725,-71.075351,member,classic
R00069,2025-06-10 07:38:00,2025-06-10 07:55:00,Harbor Point,Harbor Point,42.354789,-71.050376,42.355189,-71.0498,casual,electric
R00070,2025-06-29 15:27:00,2025-06-29 15:34:00,Tech Campus,Harbor Point,42.340035,-71.089096,42.354526,-71.050271,member,classic
R00071,2025-06-25 15:48:00,2025-06-25 16:10:00,Old Mill,Riverside Park,42.347942,-71.075222,42.366697,-71.062164,casual,classic
R00072,2025-06-11 11:42:00,2025-06-11 12:08:00,Tech Campus,Riverside Park,42.339405,-71.089539,42.366112,-71.062105,member,electric
R00073,2025-06-11 12:16:00,2025-06-11 12:24:00,Market Hall,Harbor Point,42.360404,-71.055985,42.355488,-71.049842,member,electric
R00074,2025-06-20 13:48:00,2025-06-20 14:24:00,Harbor Point,Library Square,42.354998,-71.050058,42.359652,-71.059133,member,electric
R00075,2025-06-01 13:40:00,2025-06-01 13:53:00,Tech Campus,Old Mill,42.339458,-71.089149,42.348052,-71.075407,casual,classic
R00076,2025-06-05 16:31:00,2025-06-05 16:45:00,Tech Campus,Harbor Point,42.340233,-71.089408,42.355205,-71.050085,member,electric
R00077,2025-06-13 14:12:00,2025-06-13 14:38:00,Library Square,Tech Campus,42.360479,-71.058536,42.339576,-71.08891,member,electric
R00078,2025-06-27 17:37:00,2025-06-27 17:50:00,Harbor Point,Riverside Park,42.35508,-71.04984,42.366565,-71.062153,member,electric
R00079,2025-06-30 10:20:00,2025-06-30 10:53:00,Market Hall,Market Hall,42.360239,-71.056117,42.360856,-71.056089,member,electric
R00080,2025-06-22 11:50:00,2025-06-22 11:52:00,Old Mill,Tech Campus,42.348321,-71.074519,42.339795,-71.089663,member,electric
R00081,2025-06-30 06:29:00,2025-06-30 06:51:00,Harbor Point,Tech Campus,42.355371,-71.04953,42.339375,-71.088918,member,electric
R00082,2025-06-28 18:43:00,2025-06-28 19:01:00,Old Mill,Harbor Point,42.348359,-71.07512,42.354817,-71.049781,casual,classic
R00083,2025-06-22 08:58:00,2025-06-22 09:14:00,Market Hall,Harbor Point,42.36009,-71.055522,42.35526,-71.049796,member,classic
R00084,2025-06-02 19:20:00,2025-06-02 19:43:00,Old Mill,Riverside Park,42.348296,-71.075207,42.366075,-71.062454,member,classic
R00085,2025-06-28 06:24:00,2025-06-28 06:37:00,Library Square,Library Square,42.360513,-71.059257,42.360061,-71.059146,member,classic
R00086,2025-06-06 16:04:00,2025-06-06 16:17:00,Tech Campus,Riverside Park,42.339742,-71.089354,42.366288,-71.061961,member,electric
R00087,2025-06-13 08:54:00,2025-06-13 09:06:00,Tech Campus,Riverside Park,42.339872,-71.089125,42.366693,-71.062305,casual,electric
R00088,2025-06-22 15:49:00,2025-06-22 16:07:00,Riverside Park,Harbor Point,42.366445,-71.062551,42.355106,-71.050003,casual,electric
R00089,2025-06-08 18:40:00,2025-06-08 19:00:00,Library Square,Market Hall,42.360356,-71.058633,42.360681,-71.056363,member,classic
R00090,2025-06-12 03:46:00,2025-06-12 04:09:00,Riverside Park,Tech Campus,42.365831,-71.06169,42.339627,-71.089284,member,electric
R00091,2025-06-27 19:10:00,2025-06-27 19:27:00,Market Hall,Market Hall,42.360482,-71.055694,42.360747,-71.056161,member,classic
R00092,2025-06-24 18:43:00,2025-06-24 19:15:00,Library Square,Library Square,42.36058,-71.058433,42.360405,-71.059034,casual,classic
R00093,2025-06-12 07:43:00,2025-06-12 08:00:00,Riverside Park,Market Hall,42.366081,-71.061961,42.360371,-71.055825,member,electric
R00094,2025-06-21 16:52:00,2025-06-21 17:03:00,Market Hall,Library Square,42.360464,-71.055799,42.360249,-71.059283,member,classic
R00095,2025-06-08 07:56:00,2025-06-08 08:06:00,Riverside Park,Tech Campus,42.366071,-71.061651,42.339996,-71.08916,member,classic
R00096,2025-06-16 06:39:00,2025-06-16 06:55:00,Tech Campus,Old Mill,42.339708,-71.088748,42.347533,-71.075129,member,classic
R00097,2025-06-12 22:34:00,2025-06-12 23:01:00,Riverside Park,Harbor Point,42.365761,-71.062324,42.355468,-71.049551,casual,classic
R00098,2025-06-20 16:01:00,2025-06-20 16:12:00,Old Mill,Library Square,42.347551,-71.075166,42.360589,-71.058613,member,classic
R00099,2025-06-08 18:21:00,2025-06-08 18:41:00,Market Hall,Library Square,42.360596,-71.056223,42.360584,-71.058412,member,classic
R00100,2025-06-05 19:00:00,2025-06-05 19:04:00,Harbor Point,Old Mill,42.354858,-71.049712,42.348089,-71.075484,member,classic
R00101,2025-06-24 14:04:00,2025-06-24 14:08:00,Old Mill,Tech Campus,42.348013,-71.075391,42.339804,-71.088755,unknown,electric
R00102,2025-06-02 21:30:00,2025-06-02 21:50:00,Tech Campus,Old Mill,42.340147,-71.089274,42.347608,-71.074788,member,classic
R00103,2025-06-05 07:17:00,2025-06-05 07:27:00,Riverside Park,Market Hall,42.366412,-71.062219,42.360597,-71.056205,member,electric
R00104,2025-06-21 06:41:00,2025-06-21 06:51:00,Harbor Point,Old Mill,42.355378,-71.049949,42.348365,-71.07507,casual,electric
R00105,2025-06-24 11:06:00,2025-06-24 11:21:00,Riverside Park,Tech Campus,42.365955,-71.061646,42.339987,-71.089226,member,classic
R00106,2025-06-24 06:23:00,2025-06-24 06:47:00,Harbor Point,Tech Campus,42.355312,-71.049944,42.339886,-71.089138,unknown,classic
R00107,2025-06-25 19:27:00,2025-06-25 19:53:00,Tech Campus,Riverside Park,42.340268,-71.0891,42.366052,-71.062022,member,electric
R00108,2025-06-18 10:23:00,2025-06-18 10:31:00,Library Square,Harbor Point,42.359715,-71.059121,42.354726,-71.050071,member,classic
R00109,2025-06-09 18:01:00,2025-06-09 18:24:00,Market Hall,Old Mill,42.360309,-71.05616,42.347506,-71.07463,member,electric
R00110,2025-06-01 17:05:00,2025-06-01 17:34:00,Harbor Point,Library Square,42.355246,-71.050285,42.36002,-71.059059,member,electric
R00111,2025-06-02 06:09:00,2025-06-02 06:33:00,Market Hall,Market Hall,42.360674,-71.056228,42.360662,-71.056014,member,electric
R00112,2025-06-14 06:07:00,2025-06-14 06:34:00,Library Square,Market Hall,42.359883,-71.058722,42.360487,-71.055833,member,electric
R00113,2025-06-10 00:13:00,2025-06-10 00:32:00,Market Hall,Harbor Point,42.360289,-71.05638,42.354997,-71.050069,member,classic
R00114,2025-06-26 18:22:00,2025-06-26 18:26:00,Market Hall,Market Hall,42.360072,-71.055638,42.360042,-71.056481,casual,electric
R00115,2025-06-23 15:40:00,2025-06-23 15:54:00,Market Hall,Tech Campus,42.360021,-71.056175,42.340101,-71.089082,casual,electric
R00116,2025-06-08 18:27:00,2025-06-08 18:46:00,Harbor Point,Tech Campus,42.355089,-71.049976,42.339696,-71.08939,member,electric
R00117,2025-06-04 13:33:00,2025-06-04 13:35:00,Library Square,Harbor Point,42.359949,-71.058673,42.355319,-71.049685,member,classic
R00118,2025-06-05 07:48:00,2025-06-05 08:04:00,Riverside Park,Library Square,42.366459,-71.062525,42.360551,-71.058772,member,electric
R00119,2025-06-20 16:20:00,2025-06-20 16:45:00,Old Mill,Market Hall,42.347651,-71.075432,42.360442,-71.056197,member,classic
R00120,2025-06-15 06:28:00,2025-06-15 06:37:00,Riverside Park,Market Hall,42.365738,-71.062231,42.360287,-71.055855,casual,classic
R00121,2025-06-15 13:37:00,2025-06-15 13:41:00,Market Hall,Market Hall,42.360896,-71.05605,42.36081,-71.055848,member,electric
R00122,2025-06-15 21:06:00,2025-06-15 21:19:00,Market Hall,Library Square,42.360811,-71.055663,42.360582,-71.059316,member,classic
R00123,2025-06-15 12:33:00,2025-06-15 12:46:00,Library Square,Old Mill,42.359973,-71.059117,42.347909,-71.075162,member,electric
R00124,2025-06-22 06:24:00,2025-06-22 06:41:00,Harbor Point,Riverside Park,42.354784,-71.049776,42.366357,-71.061694,casual,electric
R00125,2025-06-30 16:22:00,2025-06-30 16:35:00,Harbor Point,Market Hall,42.355162,-71.050371,42.360709,-71.056415,member,electric
R00126,2025-06-24 17:43:00,2025-06-24 18:11:00,Library Square,Old Mill,42.360512,-71.059307,42.34817,-71.074992,member,electric
R00127,2025-06-25 09:31:00,2025-06-25 10:02:00,Library Square,Library Square,42.359755,-71.059104,42.360388,-71.058892,member,classic
R00128,2025-06-20 19:08:00,2025-06-20 20:00:00,Old Mill,Riverside Park,42.348097,-71.075346,42.365881,-71.061907,member,classic
R00129,2025-06-12 04:43:00,2025-06-12 04:56:00,Old Mill,Tech Campus,42.348111,-71.074748,42.340084,-71.089466,member,electric
R00130,2025-06-19 16:28:00,2025-06-19 16:30:00,Library Square,Riverside Park,42.360062,-71.059118,42.366082,-71.062073,casual,classic
R00131,2025-06-02 19:41:00,2025-06-02 19:51:00,Market Hall,Library Square,42.360934,-71.055789,42.360116,-71.059275,member,classic
R00132,2025-06-05 19:53:00,2025-06-05 20:11:00,Riverside Park,Tech Campus,42.366137,-71.061654,42.339522,-71.089249,member,classic
R00133,2025-06-12 11:15:00,2025-06-12 11:30:00,Tech Campus,Harbor Point,42.339525,-71.089381,42.354599,-71.049785,member,classic
R00134,2025-06-27 08:30:00,2025-06-27 08:50:00,Library Square,Harbor Point,42.360296,-71.059261,42.355206,-71.050051,member,classic
R00135,2025-06-05 08:35:00,2025-06-05 09:03:00,Harbor Point,Riverside Park,42.354923,-71.049724,42.365938,-71.062478,member,electric
R00136,2025-06-16 18:38:00,2025-06-16 18:51:00,Harbor Point,Harbor Point,42.355036,-71.049868,42.355075,-71.049781,member,classic
R00137,2025-06-14 08:11:00,2025-06-14 08:27:00,Market Hall,Riverside Park,42.360975,-71.056432,42.366226,-71.062093,casual,classic
R00138,2025-06-13 04:23:00,2025-06-13 04:38:00,Tech Campus,Tech Campus,42.339554,-71.089684,42.340089,-71.089355,casual,classic
R00139,2025-06-05 17:02:00,2025-06-05 17:15:00,Market Hall,Old Mill,42.360643,-71.05567,42.348185,-71.074519,member,classic
R00140,2025-06-15 17:02:00,2025-06-15 17:25:00,Library Square,Harbor Point,42.359893,-71.059356,42.354699,-71.050458,casual,electric
R00141,2025-06-25 08:41:00,2025-06-25 09:01:00,Market Hall,Tech Campus,42.360781,-71.055634,42.339632,-71.089576,member,electric
R00142,2025-06-13 19:21:00,2025-06-13 19:46:00,Old Mill,Tech Campus,42.348474,-71.075004,42.339798,-71.088776,member,classic
R00143,2025-06-20 06:52:00,2025-06-20 07:12:00,Old Mill,Tech Campus,42.347603,-71.075172,42.339596,-71.089254,casual,classic
R00144,2025-06-02 10:46:00,2025-06-02 11:10:00,Old Mill,Tech Campus,42.34837,-71.075147,42.340298,-71.089425,casual,classic
R00145,2025-06-12 16:32:00,2025-06-12 16:53:00,Harbor Point,Old Mill,42.355453,-71.050357,42.348108,-71.074719,member,classic
R00146,2025-06-13 10:36:00,2025-06-13 10:42:00,Library Square,Old Mill,42.359632,-71.059247,42.34795,-71.075129,member,classic
R00147,2025-06-13 14:20:00,2025-06-13 14:34:00,Market Hall,Library Square,42.360113,-71.055764,42.360099,-71.059013,member,electric
R00148,2025-06-20 12:18:00,2025-06-20 12:31:00,Riverside Park,Old Mill,42.366394,-71.061601,42.3477,-71.075364,member,classic
R00149,2025-06-26 23:43:00,2025-06-27 00:24:00,Old Mill,Tech Campus,42.348168,-71.07479,42.33985,-71.08941,member,classic
R00150,2025-06-21 20:11:00,2025-06-21 20:24:00,Old Mill,Old Mill,42.348294,-71.074991,42.347621,-71.075299,member,electric
R00151,2025-06-12 14:29:00,2025-06-12 14:50:00,Harbor Point,Riverside Park,42.355112,-71.050414,42.366009,-71.0616,casual,electric
R00152,2025-06-11 06:41:00,2025-06-11 06:49:00,Tech Campus,Market Hall,42.339374,-71.089234,42.360517,-71.056372,casual,classic
R00153,2025-06-28 13:03:00,2025-06-28 13:25:00,Library Square,Tech Campus,42.359904,-71.059238,42.340235,-71.089475,casual,electric
R00154,2025-06-18 07:17:00,2025-06-18 07:26:00,Harbor Point,,42.354625,-71.050197,42.366233,-71.062097,member,classic
R00155,2025-06-29 16:38:00,2025-06-29 16:46:00,Library Square,Old Mill,42.359641,-71.058536,42.347581,-71.074551,casual,electric
R00156,2025-06-14 17:39:00,2025-06-14 18:12:00,Old Mill,Library Square,42.348139,-71.075002,42.360227,-71.05911,unknown,electric
R00157,2025-06-15 11:04:00,2025-06-15 11:20:00,Library Square,Old Mill,42.360016,-71.058936,42.34784,-71.075356,casual,electric
R00158,2025-06-05 22:48:00,2025-06-05 23:01:00,Old Mill,Riverside Park,42.347871,-71.074938,42.366019,-71.062134,member,classic
R00159,2025-06-13 04:55:00,2025-06-13 05:08:00,Library Square,Harbor Point,42.360465,-71.05924,42.354827,-71.049922,member,classic
R00160,2025-06-29 12:19:00,2025-06-29 12:32:00,Tech Campus,Market Hall,42.339797,-71.08961,42.360393,-71.056043,member,electric
R00161,2025-06-20 08:56:00,2025-06-20 09:20:00,Harbor Point,Harbor Point,42.354786,-71.050492,42.354607,-71.050366,member,electric
R00162,2025-06-02 04:36:00,2025-06-02 04:44:00,Tech Campus,Riverside Park,42.339862,-71.089337,42.365989,-71.062214,member,electric
R00163,2025-06-05 15:12:00,2025-06-05 15:06:00,Market Hall,Old Mill,42.360339,-71.055561,42.348255,-71.075301,member,classic
R00164,2025-06-11 07:51:00,2025-06-11 08:17:00,Harbor Point,Harbor Point,42.354974,-71.050043,42.355106,-71.049984,member,electric
R00165,2025-06-24 23:53:00,2025-06-25 00:08:00,Library Square,Tech Campus,42.360428,-71.058868,42.340009,-71.0894,casual,electric
R00166,2025-06-14 06:37:00,2025-06-14 07:01:00,Riverside Park,Old Mill,42.366008,-71.061701,42.348372,-71.074871,member,electric
R00167,2025-06-24 15:03:00,2025-06-24 15:16:00,Old Mill,Market Hall,42.348129,-71.07488,42.360841,-71.056352,member,classic
R00168,2025-06-01 06:28:00,2025-06-01 06:43:00,Market Hall,Old Mill,42.360314,-71.056349,42.348191,-71.07509,casual,electric
R00169,2025-06-05 05:33:00,2025-06-05 05:52:00,Old Mill,Old Mill,42.348162,-71.074975,42.347814,-71.075327,casual,electric
R00170,2025-06-28 16:46:00,2025-06-28 17:10:00,Market Hall,Riverside Park,42.360681,-71.055696,42.365964,-71.062116,casual,electric
R00171,2025-06-10 08:49:00,2025-06-10 09:05:00,Market Hall,Riverside Park,42.360705,-71.056183,42.366049,-71.061666,casual,electric
R00172,2025-06-18 15:24:00,2025-06-18 15:47:00,Riverside Park,Harbor Point,42.366596,-71.062205,42.354845,-71.049727,member,classic
R00173,2025-06-30 06:28:00,2025-06-30 06:38:00,Riverside Park,Old Mill,42.365914,-71.061772,42.347771,-71.074938,member,classic
R00174,2025-06-08 15:03:00,2025-06-08 15:09:00,Market Hall,Old Mill,42.36067,-71.055969,42.348138,-71.075448,member,electric
R00175,2025-06-01 17:35:00,2025-06-01 17:57:00,Harbor Point,Old Mill,42.355153,-71.049619,42.347976,-71.074849,casual,electric
R00176,2025-06-30 16:49:00,2025-06-30 17:06:00,Riverside Park,Riverside Park,42.365789,-71.062026,42.366235,-71.061877,casual,classic
R00177,2025-06-02 20:53:00,2025-06-02 21:03:00,Tech Campus,Library Square,42.340237,-71.088738,42.360526,-71.058523,member,classic
R00178,2025-06-21 12:34:00,2025-06-21 12:57:00,Riverside Park,Riverside Park,42.366224,-71.061711,42.365834,-71.062096,member,classic
R00179,2025-06-21 17:16:00,2025-06-21 17:33:00,Riverside Park,Library Square,42.366037,-71.062305,42.360274,-71.059207,member,electric
R00180,2025-06-13 09:42:00,2025-06-13 09:58:00,Tech Campus,Market Hall,42.339395,-71.088718,42.360477,-71.055564,member,electric
R00181,2025-06-11 17:19:00,2025-06-11 17:27:00,Library Square,Tech Campus,42.359862,-71.05904,42.339536,-71.089032,member,classic
R00182,2025-06-29 13:56:00,2025-06-29 14:08:00,Tech Campus,Old Mill,42.340004,-71.089389,42.347617,-71.074584,member,classic
R00183,2025-06-15 12:47:00,2025-06-15 13:12:00,Library Square,Library Square,42.360302,-71.058487,42.360357,-71.058598,casual,classic
R00184,2025-06-03 19:33:00,2025-06-03 19:50:00,Old Mill,Market Hall,42.347947,-71.074796,42.360078,-71.055936,member,classic
R00185,2025-06-11 07:54:00,2025-06-11 08:08:00,Market Hall,Market Hall,42.360205,-71.055917,42.360091,-71.05599,casual,electric
R00186,2025-06-19 11:03:00,2025-06-19 11:20:00,Library Square,Market Hall,42.360159,-71.058727,42.360308,-71.056478,member,classic
R00187,2025-06-02 15:27:00,2025-06-02 15:43:00,Old Mill,Library Square,42.348494,-71.074565,42.359669,-71.058466,member,electric
R00188,2025-06-24 17:41:00,2025-06-24 18:01:00,Library Square,Library Square,42.360564,-71.059026,42.360491,-71.058951,casual,electric
R00189,2025-06-22 16:55:00,2025-06-22 17:01:00,Tech Campus,Harbor Point,42.339648,-71.089522,42.355037,-71.049971,casual,classic
R00190,2025-06-15 22:43:00,2025-06-15 22:58:00,Harbor Point,Harbor Point,42.355219,-71.050076,42.354879,-71.05027,member,classic
R00191,2025-06-24 20:48:00,2025-06-24 21:17:00,Riverside Park,Library Square,42.366119,-71.061834,42.360484,-71.059384,member,classic
R00192,2025-06-22 12:45:00,2025-06-22 13:12:00,Market Hall,Harbor Point,42.360872,-71.056255,42.354544,-71.050061,member,classic
R00193,2025-06-08 23:52:00,2025-06-09 00:19:00,Library Square,Market Hall,42.360177,-71.058627,42.360818,-71.056263,casual,classic
R00194,2025-06-18 08:37:00,2025-06-18 08:49:00,Tech Campus,Riverside Park,42.34018,-71.088788,42.366326,-71.062173,member,electric
R00195,2025-06-17 10:20:00,2025-06-17 10:35:00,Old Mill,Old Mill,42.3478,-71.075316,42.348038,-71.075259,member,classic
R00196,2025-06-14 14:35:00,2025-06-14 14:45:00,Tech Campus,Harbor Point,42.33983,-71.089312,42.354755,-71.05017,member,electric
R00197,2025-06-27 14:12:00,2025-06-27 14:37:00,Riverside Park,Harbor Point,42.366305,-71.06256,42.354573,-71.049695,member,classic
R00198,2025-06-11 19:19:00,2025-06-11 19:39:00,Tech Campus,Library Square,42.340257,-71.089685,42.360537,-71.058438,member,electric
R00199,2025-06-07 15:25:00,2025-06-07 15:51:00,Library Square,Old Mill,42.360376,-71.059019,42.348034,-71.075141,member,electric
R00200,2025-06-24 18:42:00,2025-06-24 18:30:00,Tech Campus,Harbor Point,42.340062,-71.08938,42.354703,-71.050187,member,classic
R00201,2025-06-18 01:59:00,2025-06-18 02:05:00,Old Mill,Library Square,42.347795,-71.075304,42.35983,-71.05883,member,electric
R00202,2025-06-21 21:47:00,2025-06-21 21:58:00,Riverside Park,Tech Campus,42.366191,-71.062432,42.340095,-71.089531,casual,electric
R00203,2025-06-02 23:33:00,2025-06-03 00:06:00,Library Square,Market Hall,42.360545,-71.058732,42.360764,-71.056088,casual,classic
R00204,2025-06-07 07:32:00,2025-06-07 07:53:00,Harbor Point,Old Mill,42.354956,-71.05044,42.348138,-71.074566,casual,electric
R00205,2025-06-14 14:00:00,2025-06-14 14:30:00,Harbor Point,Harbor Point,42.355036,-71.050213,42.355002,-71.049802,member,classic
R00206,2025-06-08 14:12:00,2025-06-08 14:31:00,Harbor Point,Harbor Point,42.35512,-71.050248,42.354854,-71.049705,member,electric
R00207,2025-06-23 08:14:00,2025-06-23 08:27:00,Tech Campus,Market Hall,42.339381,-71.088708,42.36065,-71.056468,member,electric
R00208,2025-06-01 05:44:00,2025-06-01 06:16:00,Market Hall,Tech Campus,42.360171,-71.056,42.339734,-71.088916,member,classic
R00209,2025-06-29 08:55:00,2025-06-29 09:09:00,Market Hall,Harbor Point,42.360271,-71.055576,42.355184,-71.05022,member,classic
R00210,2025-06-07 01:37:00,2025-06-07 01:45:00,Library Square,Riverside Park,42.359744,-71.058579,42.366521,-71.061671,member,classic
R00211,2025-06-18 16:21:00,2025-06-18 16:29:00,Market Hall,Tech Campus,42.36079,-71.055811,42.339378,-71.088955,member,classic
R00212,2025-06-11 18:38:00,2025-06-11 19:04:00,Tech Campus,Library Square,42.340069,-71.088745,42.359997,-71.058626,member,electric
R00213,2025-06-18 08:24:00,2025-06-18 08:31:00,Tech Campus,Tech Campus,42.339961,-71.089614,42.339919,-71.088902,casual,classic
R00214,2025-06-26 10:40:00,2025-06-26 11:03:00,Riverside Park,Library Square,42.365854,-71.06221,42.359961,-71.059308,casual,electric
R00215,2025-06-03 06:11:00,2025-06-03 06:19:00,Riverside Park,Riverside Park,42.366212,-71.062497,42.36579,-71.062046,member,electric
R00216,2025-06-13 09:49:00,2025-06-13 10:11:00,Tech Campus,Harbor Point,42.339385,-71.088799,42.355405,-71.049522,member,classic
R00217,2025-06-09 07:19:00,2025-06-09 07:36:00,Old Mill,Tech Campus,42.347667,-71.075224,42.3396,-71.088917,member,classic
R00218,2025-06-20 13:12:00,2025-06-20 13:34:00,Old Mill,Old Mill,42.347958,-71.075365,42.347507,-71.075104,casual,electric
R00219,2025-06-27 09:52:00,2025-06-27 10:23:00,Riverside Park,Tech Campus,42.365836,-71.062279,42.340247,-71.089499,member,electric
R00220,2025-06-21 17:31:00,2025-06-21 17:33:00,Riverside Park,Riverside Park,42.366668,-71.061818,42.366026,-71.06232,casual,electric
R00221,2025-06-18 08:11:00,2025-06-18 08:24:00,Harbor Point,Market Hall,42.355453,-71.050038,42.360708,-71.056062,member,classic
R00222,2025-06-21 13:19:00,2025-06-21 13:27:00,Tech Campus,Old Mill,42.339542,-71.089041,42.348215,-71.074711,member,electric
R00223,2025-06-30 15:21:00,2025-06-30 14:58:00,Market Hall,Tech Campus,42.360037,-71.055532,42.340002,-71.088888,member,classic
R00224,2025-06-12 16:10:00,2025-06-12 16:21:00,Harbor Point,Library Square,42.355147,-71.050456,42.360584,-71.058723,member,electric
R00225,2025-06-09 01:14:00,2025-06-09 01:22:00,Tech Campus,Harbor Point,42.339881,-71.089125,42.354946,-71.050109,casual,classic
R00226,2025-06-10 13:26:00,2025-06-10 13:43:00,Riverside Park,Harbor Point,42.366621,-71.062514,42.355331,-71.04977,member,electric
R00227,2025-06-12 14:30:00,2025-06-12 14:58:00,Tech Campus,Library Square,42.339752,-71.089633,42.359645,-71.058689,member,electric
R00228,2025-06-06 16:59:00,2025-06-06 17:24:00,Old Mill,Harbor Point,42.348484,-71.075256,42.354674,-71.05034,member,electric
R00229,2025-06-06 16:40:00,2025-06-06 16:53:00,Library Square,,42.360337,-71.058517,42.33975,-71.08927,member,classic
R00230,2025-06-26 17:50:00,2025-06-26 18:01:00,Library Square,Riverside Park,42.359663,-71.059298,42.366572,-71.062413,member,electric
R00231,2025-06-16 16:33:00,2025-06-16 16:57:00,Harbor Point,Riverside Park,42.354889,-71.050107,42.365814,-71.062248,member,classic
R00232,2025-06-30 18:39:00,2025-06-30 18:55:00,Old Mill,Old Mill,42.34809,-71.074828,42.347813,-71.075261,member,electric
R00233,2025-06-14 13:38:00,2025-06-14 14:01:00,Old Mill,Library Square,42.347686,-71.074864,42.360293,-71.058755,casual,classic
R00234,2025-06-11 07:53:00,2025-06-11 08:16:00,Tech Campus,Riverside Park,42.339751,-71.089646,42.366059,-71.06259,member,electric
R00235,2025-06-14 16:43:00,2025-06-14 16:48:00,Market Hall,Market Hall,42.360444,-71.056333,42.360565,-71.055704,member,classic
R00236,2025-06-06 14:49:00,2025-06-06 15:07:00,Riverside Park,Library Square,42.366157,-71.061857,42.360366,-71.05885,member,classic
R00237,2025-06-12 18:34:00,2025-06-12 18:53:00,Riverside Park,Market Hall,42.366419,-71.062054,42.36099,-71.056398,casual,classic
R00238,2025-06-12 12:55:00,2025-06-12 13:10:00,Riverside Park,Harbor Point,42.366517,-71.062161,42.355494,-71.049724,member,electric
R00239,2025-06-06 16:39:00,2025-06-06 17:00:00,Old Mill,Market Hall,42.347707,-71.075441,42.360351,-71.056219,member,electric
R00240,2025-06-09 08:54:00,2025-06-09 09:16:00,Old Mill,Riverside Park,42.348014,-71.0746,42.366515,-71.062464,casual,electric
R00241,2025-06-05 19:44:00,2025-06-05 20:06:00,Harbor Point,Riverside Park,42.355211,-71.049672,42.366461,-71.061924,member,electric
R00242,2025-06-03 10:40:00,2025-06-03 10:53:00,Old Mill,Tech Campus,42.348295,-71.074731,42.339703,-71.08895,member,electric
R00243,2025-06-01 09:55:00,2025-06-01 10:14:00,Tech Campus,Tech Campus,42.340031,-71.089242,42.339964,-71.089342,member,electric
R00244,2025-06-16 18:17:00,2025-06-16 18:22:00,Library Square,Tech Campus,42.359923,-71.059116,42.339847,-71.089569,casual,electric
R00245,2025-06-21 04:50:00,2025-06-21 05:08:00,Old Mill,Harbor Point,42.348429,-71.075342,42.354957,-71.049508,member,classic
R00246,2025-06-30 07:56:00,2025-06-30 08:12:00,Old Mill,Riverside Park,42.347774,-71.074845,42.36595,-71.062228,casual,classic
R00247,2025-06-24 16:44:00,2025-06-24 17:02:00,Harbor Point,Tech Campus,42.354591,-71.050405,42.339513,-71.089622,member,electric
R00248,2025-06-27 17:07:00,2025-06-27 17:16:00,Harbor Point,Harbor Point,42.355488,-71.050078,42.354632,-71.050429,member,classic
R00249,2025-06-10 10:08:00,2025-06-10 10:15:00,Harbor Point,Riverside Park,42.355374,-71.049858,42.366377,-71.062532,member,classic
R00250,2025-06-21 17:47:00,2025-06-21 18:14:00,Tech Campus,Riverside Park,42.339451,-71.089288,42.366387,-71.06174,member,classic
R00251,2025-06-13 15:22:00,2025-06-13 15:46:00,Library Square,Harbor Point,42.35974,-71.059123,42.354584,-71.049947,member,electric
R00252,2025-06-22 18:56:00,2025-06-22 19:12:00,Old Mill,Harbor Point,42.347802,-71.074982,42.35501,-71.049752,member,classic
R00253,2025-06-08 11:31:00,2025-06-08 11:47:00,Library Square,Tech Campus,42.360489,-71.059388,42.339661,-71.089384,member,electric
R00254,2025-06-25 16:30:00,2025-06-25 16:45:00,Riverside Park,Market Hall,42.366654,-71.06183,42.360017,-71.056432,member,classic
R00255,2025-06-21 13:45:00,2025-06-21 13:54:00,Harbor Point,Tech Campus,42.355202,-71.050418,42.339837,-71.089084,member,electric
R00256,2025-06-26 20:09:00,2025-06-26 20:26:00,Harbor Point,Market Hall,42.355036,-71.050109,42.360634,-71.055665,member,classic
R00257,2025-06-28 12:15:00,2025-06-28 12:36:00,Riverside Park,Old Mill,42.366134,-71.062147,42.348109,-71.075191,casual,classic
R00258,2025-06-23 17:00:00,2025-06-23 17:19:00,Harbor Point,Harbor Point,42.354664,-71.049547,42.355023,-71.049717,casual,classic
R00259,2025-06-28 17:17:00,2025-06-28 17:34:00,Riverside Park,Library Square,42.3666,-71.062265,42.360029,-71.058876,member,classic
R00260,2025-06-02 13:31:00,2025-06-02 13:45:00,Tech Campus,Tech Campus,42.340159,-71.089533,42.339457,-71.088927,casual,classic
R00261,2025-06-02 13:54:00,2025-06-02 14:15:00,Library Square,Old Mill,42.360072,-71.059017,42.34765,-71.074569,casual,electric
R00262,2025-06-30 08:46:00,2025-06-30 08:59:00,Library Square,Riverside Park,42.35992,-71.058574,42.366272,-71.062481,member,classic
R00263,2025-06-02 18:25:00,2025-06-02 18:51:00,Library Square,Library Square,42.359882,-71.058555,42.359927,-71.058847,member,classic
R00264,2025-06-24 18:39:00,2025-06-24 19:00:00,Riverside Park,Market Hall,42.365943,-71.062232,42.360972,-71.055502,casual,classic
R00265,2025-06-01 20:14:00,2025-06-01 20:21:00,Library Square,Harbor Point,42.360293,-71.05939,42.354835,-71.049741,member,electric
R00266,2025-06-08 14:26:00,2025-06-08 14:41:00,Harbor Point,Library Square,42.354992,-71.05044,42.360597,-71.058688,member,classic
R00267,2025-06-12 17:29:00,2025-06-12 17:50:00,Market Hall,Tech Campus,42.360096,-71.056366,42.34012,-71.089625,member,electric
R00268,2025-06-09 08:54:00,2025-06-09 09:11:00,Old Mill,Library Square,42.347815,-71.074699,42.360301,-71.058665,member,electric
R00269,2025-06-05 20:49:00,2025-06-05 21:07:00,Library Square,Harbor Point,42.359706,-71.05895,42.354814,-71.050379,member,classic
R00270,2025-06-28 12:07:00,2025-06-28 12:21:00,Tech Campus,Riverside Park,42.33939,-71.088892,42.366004,-71.061895,member,classic
R00271,2025-06-08 06:22:00,2025-06-08 06:37:00,Riverside Park,Library Square,42.365999,-71.06178,42.359774,-71.058448,casual,classic
R00272,2025-06-26 06:08:00,2025-06-26 06:27:00,Harbor Point,Tech Campus,42.354621,-71.050438,42.340081,-71.089478,member,electric
R00273,2025-06-21 16:05:00,2025-06-21 16:17:00,Riverside Park,Old Mill,42.366513,-71.062578,42.347564,-71.074598,member,classic
R00274,2025-06-15 07:03:00,2025-06-15 07:17:00,Harbor Point,Riverside Park,42.354668,-71.049926,42.366522,-71.062205,member,electric
R00275,2025-06-06 08:17:00,2025-06-06 08:31:00,Library Square,Riverside Park,42.359635,-71.058781,42.365946,-71.062305,member,electric
R00276,2025-06-05 08:26:00,2025-06-05 09:00:00,Harbor Point,Harbor Point,42.354699,-71.049615,42.355026,-71.049869,casual,classic
R00277,2025-06-18 10:50:00,2025-06-18 10:52:00,Tech Campus,Old Mill,42.339802,-71.089312,42.34768,-71.075181,member,electric
R00278,2025-06-25 14:37:00,2025-06-25 14:56:00,Harbor Point,Tech Campus,42.3555,-71.049526,42.3394,-71.089043,member,classic
R00279,2025-06-26 18:24:00,2025-06-26 18:32:00,Library Square,Market Hall,42.360445,-71.059224,42.360593,-71.055694,member,classic
R00280,2025-06-19 10:36:00,2025-06-19 11:06:00,Old Mill,Old Mill,42.347642,-71.074552,42.348337,-71.07469,casual,electric
R00281,2025-06-02 03:14:00,2025-06-02 03:30:00,Library Square,Tech Campus,42.360078,-71.059068,42.339914,-71.088894,member,classic
R00282,2025-06-19 02:45:00,2025-06-19 03:02:00,Riverside Park,Harbor Point,42.366617,-71.061826,42.355346,-71.049639,casual,electric
R00283,2025-06-04 11:21:00,2025-06-04 11:37:00,Old Mill,Old Mill,42.347658,-71.074551,42.348292,-71.074539,member,classic
R00284,2025-06-30 17:39:00,2025-06-30 18:01:00,Old Mill,Market Hall,42.348287,-71.075277,42.360589,-71.056325,member,electric
R00285,2025-06-23 17:36:00,2025-06-23 17:38:00,Library Square,Library Square,42.360565,-71.059368,42.360202,-71.058479,casual,classic
R00286,2025-06-16 06:09:00,2025-06-16 06:43:00,Old Mill,Market Hall,42.347831,-71.075422,42.360347,-71.05618,member,classic
R00287,2025-06-29 16:21:00,2025-06-29 16:33:00,Old Mill,Old Mill,42.34775,-71.075432,42.347757,-71.075392,member,electric
R00288,2025-06-06 11:56:00,2025-06-06 12:16:00,Tech Campus,Old Mill,42.339714,-71.088818,42.347851,-71.075125,casual,classic
R00289,2025-06-28 06:02:00,2025-06-28 06:18:00,Library Square,Tech Campus,42.360552,-71.059326,42.33947,-71.089325,casual,classic
R00290,2025-06-29 22:30:00,2025-06-29 22:54:00,Riverside Park,Market Hall,42.366405,-71.062169,42.360654,-71.055893,member,classic
R00291,2025-06-07 08:26:00,2025-06-07 08:39:00,Harbor Point,Riverside Park,42.35523,-71.050235,42.365982,-71.062362,member,electric
R00292,2025-06-14 10:10:00,2025-06-14 10:05:00,Library Square,Harbor Point,42.359895,-71.058738,42.3551,-71.0503,member,classic
R00293,2025-06-16 22:54:00,2025-06-16 23:22:00,Old Mill,Riverside Park,42.347971,-71.074605,42.365965,-71.061958,member,electric
R00294,2025-06-02 07:16:00,2025-06-02 07:43:00,Tech Campus,Riverside Park,42.33974,-71.089437,42.366537,-71.062036,member,classic
R00295,2025-06-18 10:26:00,2025-06-18 10:54:00,Harbor Point,Old Mill,42.355054,-71.049659,42.348318,-71.075081,member,electric
R00296,2025-06-03 12:25:00,2025-06-03 12:41:00,Market Hall,Library Square,42.360903,-71.055786,42.360102,-71.0585,unknown,classic
R00297,2025-06-06 07:13:00,2025-06-06 07:32:00,Harbor Point,Tech Campus,42.354923,-71.049512,42.339735,-71.088703,member,electric
R00298,2025-06-03 19:05:00,2025-06-03 19:19:00,Riverside Park,Old Mill,42.366088,-71.062203,42.347826,-71.075224,member,classic
R00299,2025-06-26 15:26:00,2025-06-26 15:47:00,Old Mill,Market Hall,42.348067,-71.074917,42.360965,-71.0564,member,classic
R00300,2025-06-29 19:26:00,2025-06-29 19:46:00,Riverside Park,Market Hall,42.365964,-71.061945,42.360572,-71.056027,member,electric
R00301,2025-06-23 15:25:00,2025-06-23 15:59:00,Library Square,Market Hall,42.359931,-71.059162,42.360746,-71.055579,casual,classic
R00302,2025-06-27 09:31:00,2025-06-27 09:53:00,Riverside Park,Riverside Park,42.366558,-71.061915,42.366672,-71.062372,member,electric
R00303,2025-06-20 17:41:00,2025-06-20 18:06:00,Riverside Park,Riverside Park,42.366613,-71.062193,42.366184,-71.062083,member,classic
R00304,2025-06-23 05:32:00,2025-06-23 05:54:00,Market Hall,Library Square,42.360403,-71.055719,42.360124,-71.058831,member,classic
R00305,2025-06-02 03:58:00,2025-06-02 04:12:00,Harbor Point,Library Square,42.354868,-71.050036,42.359997,-71.058477,member,classic
R00306,2025-06-06 15:55:00,2025-06-06 16:17:00,Riverside Park,Tech Campus,42.366175,-71.062049,42.339644,-71.088862,member,classic
R00307,2025-06-06 11:54:00,2025-06-06 11:56:00,Riverside Park,Harbor Point,42.366557,-71.061953,42.355178,-71.050231,member,classic
R00308,2025-06-05 12:41:00,2025-06-05 12:49:00,Old Mill,Harbor Point,42.347673,-71.074699,42.354724,-71.049892,casual,electric
R00309,2025-06-15 18:16:00,2025-06-15 18:35:00,Tech Campus,Tech Campus,42.339821,-71.089076,42.339884,-71.089693,casual,electric
R00310,2025-06-10 15:19:00,2025-06-10 15:43:00,Market Hall,Old Mill,42.360684,-71.056018,42.347836,-71.075224,member,electric
R00311,2025-06-29 17:41:00,2025-06-29 17:57:00,Riverside Park,Old Mill,42.366465,-71.0617,42.348305,-71.074698,member,electric
R00312,2025-06-21 17:31:00,2025-06-21 17:53:00,Old Mill,Library Square,42.348497,-71.075241,42.360019,-71.059012,member,classic
R00313,2025-06-22 17:34:00,2025-06-22 17:46:00,Riverside Park,Old Mill,42.366641,-71.062242,42.3478,-71.07533,member,classic
R00314,2025-06-24 12:16:00,2025-06-24 12:27:00,Riverside Park,Harbor Point,42.366425,-71.062041,42.355413,-71.049553,casual,classic
R00315,2025-06-28 08:19:00,2025-06-28 08:22:00,Library Square,Riverside Park,42.359972,-71.058814,42.366164,-71.062482,member,classic
R00316,2025-06-28 13:43:00,2025-06-28 14:09:00,Tech Campus,,42.339682,-71.089402,42.359654,-71.058546,member,classic
R00317,2025-06-29 22:58:00,2025-06-29 23:20:00,Riverside Park,Tech Campus,42.366562,-71.06242,42.339381,-71.089367,casual,electric
R00318,2025-06-09 00:13:00,2025-06-09 00:30:00,Old Mill,Harbor Point,42.348261,-71.075331,42.355264,-71.05001,casual,classic
R00319,2025-06-14 12:25:00,2025-06-14 12:34:00,Library Square,Market Hall,42.359605,-71.058866,42.360731,-71.05555,casual,classic
R00320,2025-06-24 00:15:00,2025-06-24 00:36:00,Harbor Point,Old Mill,42.354726,-71.049623,42.347812,-71.075397,member,electric
R00321,2025-06-10 18:18:00,2025-06-10 18:26:00,Library Square,Harbor Point,42.360124,-71.058966,42.355187,-71.050366,casual,electric
R00322,2025-06-30 07:58:00,2025-06-30 08:18:00,Riverside Park,Library Square,42.366512,-71.062581,42.359824,-71.058415,member,classic
R00323,2025-06-12 07:45:00,2025-06-12 08:01:00,Market Hall,Market Hall,42.360877,-71.056244,42.360535,-71.056451,casual,classic
R00324,2025-06-04 04:26:00,2025-06-04 04:42:00,Old Mill,Harbor Point,42.347944,-71.075376,42.354753,-71.049798,member,classic
R00325,2025-06-22 16:33:00,2025-06-22 16:49:00,Riverside Park,Tech Campus,42.365837,-71.061769,42.339405,-71.088981,member,classic
R00326,2025-06-07 08:49:00,2025-06-07 09:17:00,Harbor Point,Tech Campus,42.354763,-71.049977,42.339502,-71.088997,member,classic
R00327,2025-06-23 19:59:00,2025-06-23 20:11:00,Market Hall,Tech Campus,42.360013,-71.056411,42.33941,-71.089126,member,classic
R00328,2025-06-04 17:57:00,2025-06-04 18:15:00,Market Hall,Harbor Point,42.360256,-71.056269,42.355489,-71.050204,member,classic
R00329,2025-06-12 18:51:00,2025-06-12 19:05:00,Library Square,Harbor Point,42.359716,-71.058549,42.35539,-71.05049,member,classic
R00330,2025-06-20 19:17:00,2025-06-20 19:27:00,Riverside Park,Riverside Park,42.366578,-71.062507,42.366515,-71.062417,member,electric
R00331,2025-06-16 17:51:00,2025-06-16 17:54:00,Riverside Park,Tech Campus,42.365867,-71.062467,42.340026,-71.088718,casual,classic
R00332,2025-06-19 13:43:00,2025-06-19 14:08:00,Tech Campus,Market Hall,42.339738,-71.089089,42.360779,-71.055889,casual,classic
R00333,2025-06-14 06:28:00,2025-06-14 06:51:00,Tech Campus,Tech Campus,42.339614,-71.088995,42.339978,-71.088932,member,classic
R00334,2025-06-23 13:44:00,2025-06-23 14:03:00,Old Mill,Riverside Park,42.348118,-71.075067,42.366427,-71.062118,member,electric
R00335,2025-06-20 19:03:00,2025-06-20 19:39:00,Library Square,Market Hall,42.360106,-71.058931,42.360496,-71.056335,casual,electric
R00336,2025-06-02 22:32:00,2025-06-02 22:51:00,Library Square,Riverside Park,42.359823,-71.058757,42.366103,-71.062365,member,electric
R00337,2025-06-04 12:31:00,2025-06-04 12:48:00,Harbor Point,Tech Campus,42.354903,-71.050464,42.339849,-71.088874,casual,electric
R00338,2025-06-22 08:29:00,2025-06-22 08:45:00,Market Hall,Market Hall,42.36095,-71.056137,42.360054,-71.056277,member,electric
R00339,2025-06-15 10:07:00,2025-06-15 10:34:00,Old Mill,Old Mill,42.347502,-71.075145,42.348134,-71.0747,member,electric
R00340,2025-06-06 04:31:00,2025-06-06 04:55:00,Old Mill,Harbor Point,42.34764,-71.074783,42.355222,-71.050393,member,classic
R00341,2025-06-27 08:50:00,2025-06-27 09:10:00,Harbor Point,Tech Campus,42.355257,-71.050453,42.339933,-71.089028,member,electric
R00342,2025-06-17 15:08:00,2025-06-17 15:32:00,Tech Campus,Old Mill,42.340264,-71.089696,42.348236,-71.074947,member,electric
R00343,2025-06-06 17:46:00,2025-06-06 18:05:00,Market Hall,Library Square,42.360658,-71.055894,42.359922,-71.058519,member,classic
R00344,2025-06-10 21:28:00,2025-06-10 21:42:00,Riverside Park,Tech Campus,42.366505,-71.062462,42.339903,-71.088814,member,electric
R00345,2025-06-21 20:13:00,2025-06-21 20:34:00,Old Mill,Old Mill,42.347791,-71.075155,42.348172,-71.074519,member,classic
R00346,2025-06-11 17:45:00,2025-06-11 18:13:00,Market Hall,Market Hall,42.360115,-71.056148,42.36048,-71.055929,member,electric
R00347,2025-06-18 19:18:00,2025-06-18 19:42:00,Old Mill,Old Mill,42.347513,-71.075394,42.347881,-71.075447,member,electric
R00348,2025-06-05 16:53:00,2025-06-05 17:05:00,Library Square,,42.359662,-71.058616,42.365904,-71.062059,member,electric
R00349,2025-06-24 20:01:00,2025-06-24 19:35:00,Harbor Point,Market Hall,42.355061,-71.050262,42.360784,-71.055701,member,classic
R00350,2025-06-26 11:43:00,2025-06-26 11:51:00,Tech Campus,Tech Campus,42.339613,-71.089148,42.339313,-71.089449,member,electric
R00351,2025-06-21 17:23:00,2025-06-21 17:41:00,Library Square,Old Mill,42.360203,-71.058624,42.348464,-71.075206,member,classic
R00352,2025-06-04 17:24:00,2025-06-04 17:31:00,Library Square,Library Square,42.359641,-71.059121,42.359864,-71.059239,casual,classic
R00353,2025-06-05 17:02:00,2025-06-05 17:24:00,Riverside Park,Tech Campus,42.365751,-71.061668,42.339916,-71.089038,member,electric
R00354,2025-06-08 09:11:00,2025-06-08 09:34:00,Harbor Point,Old Mill,42.355021,-71.049714,42.347659,-71.074957,member,electric
R00355,2025-06-11 16:23:00,2025-06-11 16:35:00,Library Square,Library Square,42.360218,-71.058925,42.360161,-71.058648,member,classic
R00356,2025-06-29 12:41:00,2025-06-29 13:17:00,Old Mill,Riverside Park,42.348114,-71.074879,42.366659,-71.061917,member,classic
R00357,2025-06-10 14:01:00,2025-06-10 14:31:00,Tech Campus,Riverside Park,42.339675,-71.088897,42.366146,-71.062556,casual,classic
R00358,2025-06-04 06:10:00,2025-06-04 06:20:00,Riverside Park,Market Hall,42.366672,-71.061827,42.360533,-71.055873,member,classic
R00359,2025-06-07 18:34:00,2025-06-07 18:59:00,Old Mill,Tech Campus,42.348241,-71.075065,42.340117,-71.089628,member,classic
R00360,2025-06-03 09:04:00,2025-06-03 09:07:00,Tech Campus,Old Mill,42.339354,-71.088906,42.348058,-71.074925,member,electric
R00361,2025-06-13 12:27:00,2025-06-13 12:41:00,Tech Campus,Tech Campus,42.339418,-71.089694,42.34002,-71.089637,casual,classic
R00362,2025-06-17 10:06:00,2025-06-17 10:31:00,Old Mill,Harbor Point,42.34779,-71.074814,42.355107,-71.050218,casual,electric
R00363,2025-06-06 02:34:00,2025-06-06 02:54:00,Tech Campus,Old Mill,42.340097,-71.088851,42.347795,-71.074866,member,electric
R00364,2025-06-05 19:07:00,2025-06-05 19:38:00,Harbor Point,Market Hall,42.354542,-71.049927,42.360394,-71.055952,member,classic
R00365,2025-06-12 19:13:00,2025-06-12 19:21:00,Old Mill,Old Mill,42.348013,-71.075339,42.347721,-71.074665,member,classic
R00366,2025-06-28 18:48:00,2025-06-28 19:12:00,Old Mill,Market Hall,42.348432,-71.074506,42.360461,-71.05595,member,classic
R00367,2025-06-19 07:31:00,2025-06-19 07:56:00,Riverside Park,Harbor Point,42.366371,-71.062365,42.354785,-71.05043,member,electric
R00368,2025-06-10 16:44:00,2025-06-10 16:59:00,Tech Campus,,42.339884,-71.089134,42.366064,-71.062284,member,classic
R00369,2025-06-23 18:47:00,2025-06-23 19:00:00,Riverside Park,Library Square,42.366059,-71.06192,42.359932,-71.05892,member,electric
R00370,2025-06-21 06:38:00,2025-06-21 06:51:00,Tech Campus,Market Hall,42.339382,-71.089419,42.360826,-71.055609,member,classic
R00371,2025-06-28 19:32:00,2025-06-28 19:40:00,Old Mill,Harbor Point,42.348079,-71.074731,42.354713,-71.050463,member,electric
R00372,2025-06-08 10:57:00,2025-06-08 11:04:00,Old Mill,Library Square,42.348272,-71.074767,42.359891,-71.058935,member,electric
R00373,2025-06-08 01:54:00,2025-06-08 02:34:00,Riverside Park,Market Hall,42.366384,-71.061843,42.36014,-71.056341,member,classic
R00374,2025-06-12 13:02:00,2025-06-12 13:14:00,Old Mill,Old Mill,42.347719,-71.075012,42.347563,-71.075131,member,classic
R00375,2025-06-30 11:29:00,2025-06-30 11:48:00,Market Hall,Riverside Park,42.360649,-71.056397,42.366668,-71.061966,member,electric
R00376,2025-06-13 15:41:00,2025-06-13 15:57:00,Market Hall,Market Hall,42.360379,-71.055912,42.360898,-71.056422,member,classic
R00377,2025-06-28 10:22:00,2025-06-28 10:30:00,Market Hall,Tech Campus,42.360604,-71.055998,42.339439,-71.089534,member,electric
R00378,2025-06-12 07:38:00,2025-06-12 07:56:00,Library Square,Library Square,42.360317,-71.059282,42.35983,-71.058589,casual,electric
R00379,2025-06-19 12:10:00,2025-06-19 12:23:00,Old Mill,Tech Campus,42.347744,-71.075372,42.339892,-71.089565,member,classic
R00380,2025-06-06 08:33:00,2025-06-06 08:44:00,Harbor Point,Library Square,42.355458,-71.049901,42.360164,-71.059381,casual,electric
R00381,2025-06-16 12:55:00,2025-06-16 13:07:00,Harbor Point,Library Square,42.354911,-71.050357,42.360183,-71.058633,member,electric
R00382,2025-06-30 16:29:00,2025-06-30 16:47:00,Library Square,Old Mill,42.360197,-71.059331,42.347878,-71.075368,member,electric
R00383,2025-06-16 06:57:00,2025-06-16 07:13:00,Library Square,Market Hall,42.360384,-71.058897,42.360118,-71.056018,member,classic
R00384,2025-06-14 12:23:00,2025-06-14 12:39:00,Old Mill,Old Mill,42.348375,-71.074802,42.347929,-71.074562,member,electric
R00385,2025-06-30 18:48:00,2025-06-30 19:11:00,Riverside Park,Market Hall,42.366125,-71.062345,42.360766,-71.05559,member,electric
R00386,2025-06-24 00:50:00,2025-06-24 00:59:00,Riverside Park,Library Square,42.365707,-71.062077,42.36012,-71.059025,member,electric
R00387,2025-06-14 06:41:00,2025-06-14 06:53:00,Tech Campus,Riverside Park,42.339836,-71.089135,42.366312,-71.061608,member,classic
R00388,2025-06-16 18:11:00,2025-06-16 18:25:00,Tech Campus,Market Hall,42.33967,-71.089145,42.360254,-71.056193,member,electric
R00389,2025-06-22 18:07:00,2025-06-22 18:24:00,Old Mill,Library Square,42.348199,-71.075338,42.359814,-71.058999,member,classic
R00390,2025-06-01 21:51:00,2025-06-01 22:00:00,Library Square,Tech Campus,42.359691,-71.059255,42.340226,-71.089265,member,classic
R00391,2025-06-24 15:24:00,2025-06-24 15:49:00,Riverside Park,Harbor Point,42.366356,-71.062314,42.355464,-71.050443,casual,classic
R00392,2025-06-07 12:54:00,2025-06-07 13:08:00,Old Mill,Tech Campus,42.348157,-71.074696,42.339586,-71.089666,member,classic
R00393,2025-06-12 16:15:00,2025-06-12 16:20:00,Market Hall,Library Square,42.360087,-71.056224,42.359999,-71.05873,member,classic
R00394,2025-06-03 17:58:00,2025-06-03 18:00:00,Market Hall,Harbor Point,42.36009,-71.056216,42.35533,-71.049585,member,electric
R00395,2025-06-15 21:59:00,2025-06-15 22:16:00,Library Square,Market Hall,42.359775,-71.058894,42.360559,-71.055997,member,classic
R00396,2025-06-27 19:50:00,2025-06-27 20:08:00,Market Hall,Riverside Park,42.360575,-71.055806,42.366666,-71.062037,casual,electric
R00397,2025-06-19 12:55:00,2025-06-19 13:16:00,Tech Campus,Old Mill,42.339368,-71.089066,42.348494,-71.074823,member,electric
R00398,2025-06-01 13:44:00,2025-06-01 14:02:00,Tech Campus,Riverside Park,42.340132,-71.089452,42.365793,-71.061926,casual,classic
R00399,2025-06-12 12:13:00,2025-06-12 12:35:00,Market Hall,Library Square,42.360947,-71.055817,42.36051,-71.058901,member,classic
R00400,2025-06-27 08:15:00,2025-06-27 08:29:00,Riverside Park,Library Square,42.366536,-71.062244,42.360379,-71.05928,member,electric
R00401,2025-06-18 17:02:00,2025-06-18 17:24:00,Market Hall,Harbor Point,42.360315,-71.055602,42.355381,-71.049925,member,classic
R00402,2025-06-25 11:36:00,2025-06-25 11:47:00,Market Hall,Riverside Park,42.360128,-71.055974,42.366123,-71.06166,member,electric
R00403,2025-06-15 17:07:00,2025-06-15 17:22:00,Tech Campus,Old Mill,42.339989,-71.089688,42.347711,-71.074919,member,electric
R00404,2025-06-09 08:30:00,2025-06-09 08:39:00,Library Square,Market Hall,42.360559,-71.059057,42.360184,-71.056076,member,electric
R00405,2025-06-06 08:36:00,2025-06-06 09:01:00,Riverside Park,Tech Campus,42.365929,-71.0625,42.33957,-71.089464,member,electric
R00406,2025-06-24 18:09:00,2025-06-24 18:34:00,Library Square,Library Square,42.360073,-71.05939,42.360022,-71.059266,casual,electric
R00407,2025-06-28 08:36:00,2025-06-28 08:57:00,Tech Campus,Riverside Park,42.339463,-71.089485,42.365954,-71.061761,unknown,electric
R00408,2025-06-18 10:59:00,2025-06-18 11:18:00,Riverside Park,Riverside Park,42.36651,-71.062256,42.366112,-71.062249,member,classic
R00409,2025-06-18 16:11:00,2025-06-18 16:35:00,Market Hall,Market Hall,42.360325,-71.05599,42.360775,-71.056053,member,electric
R00410,2025-06-28 21:10:00,2025-06-28 21:27:00,Tech Campus,Old Mill,42.339941,-71.088771,42.347922,-71.074888,member,classic
R00411,2025-06-11 09:20:00,2025-06-11 09:30:00,Harbor Point,Library Square,42.355105,-71.050105,42.360488,-71.058619,casual,electric
R00412,2025-06-01 07:08:00,2025-06-01 07:15:00,Tech Campus,Library Square,42.340028,-71.089038,42.36054,-71.058699,member,classic
R00413,2025-06-30 06:56:00,2025-06-30 07:11:00,Tech Campus,Harbor Point,42.340071,-71.089176,42.355496,-71.050396,member,classic
R00414,2025-06-08 09:47:00,2025-06-08 10:05:00,Old Mill,Tech Campus,42.347784,-71.074874,42.339431,-71.088861,member,electric
R00415,2025-06-28 12:34:00,2025-06-28 13:01:00,Riverside Park,Tech Campus,42.365835,-71.061652,42.339839,-71.089109,member,electric
R00416,2025-06-10 16:58:00,2025-06-10 17:11:00,Market Hall,Old Mill,42.360347,-71.05596,42.348305,-71.075058,member,electric
R00417,2025-06-17 01:52:00,2025-06-17 02:10:00,Library Square,Riverside Park,42.359887,-71.058865,42.366388,-71.062108,casual,electric
R00418,2025-06-20 18:14:00,2025-06-20 18:27:00,Harbor Point,Tech Campus,42.355297,-71.049952,42.339489,-71.088818,member,classic
R00419,2025-06-13 17:53:00,2025-06-13 18:06:00,Library Square,Old Mill,42.360022,-71.05916,42.348265,-71.07459,casual,electric
R00420,2025-06-26 17:17:00,2025-06-26 17:39:00,Riverside Park,Old Mill,42.366113,-71.061747,42.347682,-71.07521,member,electric
R00421,2025-06-07 16:20:00,2025-06-07 16:40:00,Riverside Park,Old Mill,42.366235,-71.062414,42.347602,-71.075231,casual,classic
R00422,2025-06-16 07:13:00,2025-06-16 07:31:00,Library Square,Harbor Point,42.359942,-71.059088,42.355299,-71.049502,member,classic
R00423,2025-06-05 18:03:00,2025-06-05 18:20:00,Riverside Park,Harbor Point,42.366243,-71.062418,42.355396,-71.05025,member,classic
R00424,2025-06-25 08:28:00,2025-06-25 08:53:00,Harbor Point,Old Mill,42.354747,-71.049505,42.347699,-71.074765,member,classic
R00425,2025-06-10 16:59:00,2025-06-10 17:12:00,Tech Campus,Tech Campus,42.339342,-71.088763,42.339821,-71.089447,member,classic
R00426,2025-06-07 18:07:00,2025-06-07 18:35:00,Riverside Park,Harbor Point,42.365936,-71.062166,42.354515,-71.049706,member,electric
R00427,2025-06-19 22:50:00,2025-06-19 23:03:00,Library Square,Harbor Point,42.359755,-71.058629,42.354749,-71.05,member,electric
R00428,2025-06-21 05:09:00,2025-06-21 05:15:00,Old Mill,Harbor Point,42.348201,-71.074709,42.354626,-71.050267,casual,electric
R00429,2025-06-23 07:24:00,2025-06-23 07:39:00,Tech Campus,Old Mill,42.340199,-71.089215,42.347938,-71.075205,member,classic
R00430,2025-06-11 14:46:00,2025-06-11 15:07:00,Market Hall,Library Square,42.360468,-71.055632,42.360199,-71.058539,member,classic
R00431,2025-06-18 18:23:00,2025-06-18 18:27:00,Tech Campus,Riverside Park,42.339806,-71.088966,42.366583,-71.06198,member,classic
R00432,2025-06-18 05:52:00,2025-06-18 06:13:00,Riverside Park,Old Mill,42.366087,-71.062076,42.347998,-71.074949,member,electric
R00433,2025-06-04 09:33:00,2025-06-04 09:49:00,Tech Campus,Old Mill,42.340238,-71.089521,42.347531,-71.075393,member,classic
R00434,2025-06-22 18:31:00,2025-06-22 18:46:00,Market Hall,Old Mill,42.360526,-71.055799,42.347756,-71.075134,member,classic
R00435,2025-06-30 16:56:00,2025-06-30 17:18:00,Harbor Point,Library Square,42.355139,-71.050139,42.360343,-71.05851,casual,classic
R00436,2025-06-24 14:04:00,2025-06-24 14:14:00,Market Hall,Riverside Park,42.360834,-71.056422,42.365916,-71.062081,member,classic
R00437,2025-06-17 07:42:00,2025-06-17 08:00:00,Market Hall,Tech Campus,42.360179,-71.055751,42.339715,-71.089594,member,electric
R00438,2025-06-14 17:56:00,2025-06-14 18:25:00,Old Mill,Tech Campus,42.347604,-71.074708,42.33985,-71.089195,member,electric
R00439,2025-06-11 14:54:00,2025-06-11 15:02:00,Riverside Park,Riverside Park,42.366131,-71.061874,42.366308,-71.062037,member,electric
R00440,2025-06-13 12:00:00,2025-06-13 12:27:00,Riverside Park,Tech Campus,42.366426,-71.061617,42.339896,-71.089182,casual,electric
R00441,2025-06-07 22:54:00,2025-06-07 23:06:00,Harbor Point,Riverside Park,42.355443,-71.049678,42.366619,-71.062089,member,classic
R00442,2025-06-05 12:08:00,2025-06-05 12:38:00,Harbor Point,Harbor Point,42.354765,-71.04961,42.35475,-71.050244,member,electric
R00443,2025-06-24 17:20:00,2025-06-24 17:39:00,Market Hall,Library Square,42.360826,-71.05581,42.360176,-71.058492,member,electric
R00444,2025-06-13 18:05:00,2025-06-13 18:18:00,Harbor Point,Old Mill,42.35528,-71.049578,42.347834,-71.07462,member,classic
R00445,2025-06-20 16:59:00,2025-06-20 17:30:00,Library Square,Old Mill,42.359982,-71.059095,42.347541,-71.07496,member,classic
R00446,2025-06-13 16:28:00,2025-06-13 16:46:00,Library Square,Harbor Point,42.360353,-71.058825,42.35459,-71.050068,casual,classic
R00447,2025-06-19 06:47:00,2025-06-19 07:12:00,Library Square,Riverside Park,42.359685,-71.058898,42.366474,-71.06247,member,classic
R00448,2025-06-07 16:35:00,2025-06-07 16:55:00,Tech Campus,Tech Campus,42.339916,-71.088964,42.339546,-71.089628,casual,electric
R00449,2025-06-22 06:26:00,2025-06-22 06:37:00,Old Mill,Market Hall,42.347821,-71.074906,42.360024,-71.056195,casual,electric
R00450,2025-06-30 12:52:00,2025-06-30 13:13:00,Market Hall,,42.360233,-71.055815,42.359756,-71.058672,member,classic
R00451,2025-06-28 20:53:00,2025-06-28 21:11:00,Library Square,Market Hall,42.360294,-71.059289,42.36045,-71.056477,member,classic
R00452,2025-06-09 14:35:00,2025-06-09 14:51:00,Library Square,Market Hall,42.360083,-71.05867,42.360141,-71.055801,member,classic
R00453,2025-06-07 05:50:00,2025-06-07 06:05:00,Riverside Park,Library Square,42.366165,-71.061655,42.359667,-71.05874,member,electric
R00454,2025-06-29 09:41:00,2025-06-29 09:52:00,Harbor Point,Harbor Point,42.354887,-71.04952,42.355009,-71.04979,casual,electric
R00455,2025-06-07 06:32:00,2025-06-07 07:00:00,Market Hall,Market Hall,42.360712,-71.05646,42.360922,-71.056195,member,classic
R00456,2025-06-12 16:40:00,2025-06-12 16:55:00,Harbor Point,Riverside Park,42.354802,-71.049504,42.366679,-71.062324,member,electric
R00457,2025-06-09 20:14:00,2025-06-09 20:41:00,Tech Campus,Harbor Point,42.339957,-71.089612,42.354882,-71.049539,member,classic
R00458,2025-06-14 15:19:00,2025-06-14 15:50:00,Tech Campus,Library Square,42.34021,-71.089371,42.360142,-71.059193,member,classic
R00459,2025-06-29 17:33:00,2025-06-29 17:58:00,Library Square,Riverside Park,42.360509,-71.05863,42.366356,-71.062035,member,classic
R00460,2025-06-04 21:11:00,2025-06-04 21:24:00,Market Hall,Market Hall,42.360318,-71.05562,42.360727,-71.055735,casual,electric
R00461,2025-06-30 12:52:00,2025-06-30 13:24:00,Tech Campus,Riverside Park,42.339574,-71.088921,42.365807,-71.062415,casual,electric
R00462,2025-06-20 15:14:00,2025-06-20 15:20:00,Market Hall,Market Hall,42.360231,-71.056474,42.360079,-71.05572,member,electric
R00463,2025-06-28 10:24:00,2025-06-28 10:37:00,Old Mill,Old Mill,42.347693,-71.075468,42.348265,-71.075485,member,electric
R00464,2025-06-07 16:48:00,2025-06-07 17:06:00,Library Square,Old Mill,42.359805,-71.059223,42.348455,-71.075061,member,electric
R00465,2025-06-25 12:02:00,2025-06-25 12:08:00,Tech Campus,Library Square,42.34002,-71.089306,42.360539,-71.058828,member,classic
R00466,2025-06-27 12:56:00,2025-06-27 13:04:00,Market Hall,Harbor Point,42.360042,-71.055504,42.355019,-71.050104,casual,electric
R00467,2025-06-07 21:18:00,2025-06-07 21:20:00,Market Hall,Old Mill,42.360774,-71.056214,42.347666,-71.075206,casual,classic
R00468,2025-06-24 12:32:00,2025-06-24 12:56:00,Tech Campus,,42.339413,-71.088921,42.348438,-71.074804,member,electric
R00469,2025-06-15 02:37:00,2025-06-15 03:08:00,Riverside Park,Tech Campus,42.366583,-71.06251,42.339624,-71.089051,casual,classic
R00470,2025-06-04 07:45:00,2025-06-04 07:52:00,Old Mill,Old Mill,42.347949,-71.075137,42.348024,-71.075116,casual,classic
R00471,2025-06-25 10:10:00,2025-06-25 10:36:00,Tech Campus,Market Hall,42.33996,-71.08955,42.360869,-71.056321,unknown,electric
R00472,2025-06-15 17:18:00,2025-06-15 17:30:00,Riverside Park,Riverside Park,42.366326,-71.062482,42.365832,-71.062397,member,electric
R00473,2025-06-16 13:34:00,2025-06-16 13:55:00,Harbor Point,Tech Campus,42.354993,-71.050283,42.339959,-71.089246,member,classic
R00474,2025-06-21 08:35:00,2025-06-21 08:42:00,Library Square,Market Hall,42.36042,-71.059192,42.360185,-71.056445,member,classic
R00475,2025-06-20 15:19:00,2025-06-20 15:35:00,Harbor Point,Old Mill,42.354609,-71.049506,42.347661,-71.075216,member,classic
R00476,2025-06-30 15:02:00,2025-06-30 15:22:00,Tech Campus,Old Mill,42.339393,-71.089401,42.347869,-71.075121,member,electric
R00477,2025-06-05 09:07:00,2025-06-05 09:22:00,Market Hall,Harbor Point,42.360527,-71.055975,42.355196,-71.049888,member,classic
R00478,2025-06-30 17:50:00,2025-06-30 18:01:00,Tech Campus,Old Mill,42.340286,-71.089413,42.348109,-71.075184,member,electric
R00479,2025-06-17 15:46:00,2025-06-17 15:57:00,Library Square,Market Hall,42.35978,-71.058791,42.360709,-71.055521,member,classic
R00480,2025-06-24 18:54:00,2025-06-24 19:05:00,Tech Campus,,42.339507,-71.089085,42.347915,-71.075455,member,classic
R00481,2025-06-10 08:16:00,2025-06-10 08:35:00,Harbor Point,Old Mill,42.355007,-71.050176,42.347506,-71.074814,member,classic
R00482,2025-06-11 09:59:00,2025-06-11 10:10:00,Library Square,Library Square,42.360272,-71.058484,42.360397,-71.058754,member,electric
R00483,2025-06-27 12:46:00,2025-06-27 12:26:00,Market Hall,Riverside Park,42.360521,-71.055935,42.366378,-71.062045,member,electric
R00484,2025-06-09 22:53:00,2025-06-09 23:09:00,Riverside Park,Harbor Point,42.365731,-71.061616,42.355127,-71.049658,member,electric
R00485,2025-06-26 07:48:00,2025-06-26 08:00:00,Library Square,Market Hall,42.36031,-71.059129,42.360087,-71.055623,member,electric
R00486,2025-06-04 09:23:00,2025-06-04 09:55:00,Library Square,Market Hall,42.360385,-71.058622,42.360913,-71.056056,member,electric
R00487,2025-06-30 07:30:00,2025-06-30 07:46:00,Market Hall,Library Square,42.360776,-71.056357,42.360472,-71.058578,casual,classic
R00488,2025-06-13 03:45:00,2025-06-13 03:53:00,Library Square,Old Mill,42.360465,-71.059284,42.347811,-71.075456,casual,classic
R00489,2025-06-04 19:33:00,2025-06-04 19:52:00,Riverside Park,Tech Campus,42.365722,-71.061842,42.339939,-71.08949,member,electric
R00490,2025-06-15 09:42:00,2025-06-15 09:46:00,Riverside Park,Market Hall,42.365818,-71.062451,42.360274,-71.056485,member,classic
R00491,2025-06-11 10:17:00,2025-06-11 10:42:00,Library Square,Market Hall,42.359883,-71.059155,42.360071,-71.055887,member,electric
R00492,2025-06-29 02:43:00,2025-06-29 03:10:00,Harbor Point,Library Square,42.35455,-71.050116,42.359686,-71.059008,casual,electric
R00493,2025-06-27 09:12:00,2025-06-27 09:27:00,Market Hall,Riverside Park,42.360533,-71.055526,42.366456,-71.062134,member,electric
R00494,2025-06-21 09:45:00,2025-06-21 09:51:00,Harbor Point,Tech Campus,42.355266,-71.050029,42.340247,-71.089556,casual,electric
R00495,2025-06-30 07:42:00,2025-06-30 07:52:00,Riverside Park,Tech Campus,42.366025,-71.062112,42.339365,-71.089587,member,classic
R00496,2025-06-05 15:32:00,2025-06-05 16:03:00,Riverside Park,Riverside Park,42.365803,-71.061782,42.366497,-71.062274,member,electric
R00497,2025-06-14 11:15:00,2025-06-14 11:25:00,Market Hall,Tech Campus,42.360974,-71.056116,42.339641,-71.088886,member,electric
R00498,2025-06-08 14:11:00,2025-06-08 14:22:00,Market Hall,Riverside Park,42.360663,-71.056422,42.366631,-71.062026,member,electric
R00499,2025-06-15 06:11:00,2025-06-15 06:26:00,Riverside Park,Market Hall,42.366298,-71.061914,42.360596,-71.05568,member,classic
R00500,2025-06-29 18:37:00,2025-06-29 19:02:00,Harbor Point,Library Square,42.355403,-71.049864,42.3596,-71.059253,member,electric
